,Review,Cutoff
1,3/24/1997,2/28/1997
2,3/23/1998,2/27/1998
3,3/22/1999,2/26/1999
4,3/20/2000,2/29/2000
5,3/19/2001,2/28/2001
6,3/18/2002,2/28/2002
7,3/24/2003,2/28/2003
8,3/22/2004,2/27/2004
9,3/21/2005,2/28/2005
10,3/20/2006,2/28/2006
11,3/19/2007,2/28/2007
12,3/24/2008,2/29/2008
13,3/23/2009,2/27/2009
14,3/22/2010,2/26/2010
15,3/21/2011,2/28/2011
16,3/19/2012,2/29/2012
17,3/18/2013,2/28/2013
18,3/24/2014,2/28/2014
19,3/23/2015,2/27/2015
20,3/21/2016,2/29/2016
21,3/20/2017,2/28/2017
22,3/19/2018,2/28/2018
23,3/18/2019,2/28/2019
24,3/23/2020,2/28/2020
25,3/22/2021,2/26/2021
26,3/21/2022,2/28/2022
27,3/20/2023,2/28/2023
28,3/18/2024,2/29/2024
