Date;Next_Trading_Day;Index_Symbol;Internal_Key;ISIN;Company_Name;RIC_Code;BBG_Code;SEDOL;Country;Currency;Exchange;Industry;Supersector;Sector;Subsector;Shares;Free_Float;Close_Local;Close_EUR;Close_USD;Close_GBP;Close_JPY;Reserved;Reserved;Reserved;Reserved;Reserved;Reserved;Reserved;Reserved;Reserved;Reserved;Event_next_trading_day;New_Internal_Key;New_ISIN;New_Company_Name;New_RIC_Code;New_BBG_Code;New_SEDOL;New_Country;New_Currency;New_Exchange;New_Industry;New_Supersector;New_Sector;New_Subsector;New_Shares;New_Free_Float;Close_adjusted_local;Close_adjusted_EUR;Close_adjusted_USD;Close_adjusted_GBP;Close_adjusted_JPY;Reserved;Reserved;Reserved;Reserved;Reserved;Reserved;Reserved;Reserved;Reserved;Reserved;
2024-03-25;2024-03-26;SDGP;RY;CA7800871021;Royal Bank of Canada;RY.TO;RY CN Equity;2754383;CA;CAD;Toronto Stock Exchange;30;3010;301010;30101010;;;135.07;91.7657611;99.4511436;78.6524338;15059.389992;;;;;;;;;;;0;RY;CA7800871021;Royal Bank of Canada;RY.TO;RY CN Equity;2754383;CA;CAD;Toronto Stock Exchange;30;3010;301010;30101010;;;135.07;91.7657611;99.4511436;78.6524338;15059.389992;;;;;;;;;;;
2024-03-25;2024-03-26;SDGP;642012;SG1M51904654;CAPTIALAND INT COMM TRUST;CMLT.SI;CICT SP Equity;6420129;SG;SGD;Singapore Exchange;35;3510;351020;35102045;;;1.97;1.3503791;1.4634733;1.1574099;221.6064604;;;;;;;;;;;0;642012;SG1M51904654;CAPTIALAND INT COMM TRUST;CMLT.SI;CICT SP Equity;6420129;SG;SGD;Singapore Exchange;35;3510;351020;35102045;;;1.97;1.3503791;1.4634733;1.1574099;221.6064604;;;;;;;;;;;
2024-03-25;2024-03-26;SDGP;413366;FR0000131104;BNP PARIBAS;BNPP.PA1;BNP FP Equity;7309681;FR;EUR;EURONEXT Paris;30;3010;301010;30101010;;;62.49;62.49;67.7235375;53.560179;10255.0370565;;;;;;;;;;;0;413366;FR0000131104;BNP PARIBAS;BNPP.PA1;BNP FP Equity;7309681;FR;EUR;EURONEXT Paris;30;3010;301010;30101010;;;62.49;62.49;67.7235375;53.560179;10255.0370565;;;;;;;;;;;
2024-03-25;2024-03-26;SDGP;DVN;US25179M1036;Devon Energy Corp.;DVN.N;DVN UN Equity;2480677;US;USD;NYSE;60;6010;601010;60101010;;;49.05;45.259519;49.0500037;38.7919337;7427.3970956;;;;;;;;;;;0;DVN;US25179M1036;Devon Energy Corp.;DVN.N;DVN UN Equity;2480677;US;USD;NYSE;60;6010;601010;60101010;;;49.05;45.259519;49.0500037;38.7919337;7427.3970956;;;;;;;;;;;
2024-03-25;2024-03-26;SDGP;BNS;CA0641491075;Bank of Nova Scotia;BNS.TO;BNS CN Equity;2076281;CA;CAD;Toronto Stock Exchange;30;3010;301010;30101010;;;68.36;46.4433807;50.3330138;39.8066216;7621.67691;;;;;;;;;;;0;BNS;CA0641491075;Bank of Nova Scotia;BNS.TO;BNS CN Equity;2076281;CA;CAD;Toronto Stock Exchange;30;3010;301010;30101010;;;68.36;46.4433807;50.3330138;39.8066216;7621.67691;;;;;;;;;;;
2024-03-25;2024-03-26;SDGP;040054;GB0005405286;HSBC;HSBA.L;HSBA LN Equity;0540528;GB;GBP;London Stock Exchange;30;3010;301010;30101010;;;6.246;7.2873656;7.8976825;6.2460011;1195.9066134;;;;;;;;;;;0;040054;GB0005405286;HSBC;HSBA.L;HSBA LN Equity;0540528;GB;GBP;London Stock Exchange;30;3010;301010;30101010;;;6.246;7.2873656;7.8976825;6.2460011;1195.9066134;;;;;;;;;;;
2024-03-25;2024-03-26;SDGP;401632;DE0008404005;ALLIANZ;ALVG.DE;ALV GY Equity;5231485;DE;EUR;Deutsche Boerse;30;3030;303020;30302010;;;275.2;275.2;298.248;235.87392;45162.20512;;;;;;;;;;;0;401632;DE0008404005;ALLIANZ;ALVG.DE;ALV GY Equity;5231485;DE;EUR;Deutsche Boerse;30;3030;303020;30302010;;;275.2;275.2;298.248;235.87392;45162.20512;;;;;;;;;;;
2024-03-25;2024-03-26;SDGP;619091;HK0002007356;CLP Holdings Ltd.;0002.HK;2 HK Equity;6097017;HK;HKD;Stock Exchange of Hong Kong;65;6510;651010;65101015;;;62.95;7.4265892;8.048566;6.3653296;1218.7541599;;;;;;;;;;;0;619091;HK0002007356;CLP Holdings Ltd.;0002.HK;2 HK Equity;6097017;HK;HKD;Stock Exchange of Hong Kong;65;6510;651010;65101015;;;62.95;7.4265892;8.048566;6.3653296;1218.7541599;;;;;;;;;;;
2024-03-25;2024-03-26;SDGP;663376;HK0000608585;New World Development Co. Ltd.;0017.HK;17 HK Equity;BM94GQ4;HK;HKD;Stock Exchange of Hong Kong;35;3510;351010;35101010;;;8.57;1.0110543;1.0957301;.8665746;165.9209364;;;;;;;;;;;0;663376;HK0000608585;New World Development Co. Ltd.;0017.HK;17 HK Equity;BM94GQ4;HK;HKD;Stock Exchange of Hong Kong;35;3510;351010;35101010;;;8.57;1.0110543;1.0957301;.8665746;165.9209364;;;;;;;;;;;
2024-03-25;2024-03-26;SDGP;486809;DK0010311471;SYDBANK;SYDB.CO;SYDB DC Equity;B06JSP1;DK;DKK;NASDAQ  Copenhagen;30;3010;301010;30101010;;;353.6;47.4115366;51.3822528;40.636428;7780.5579251;;;;;;;;;;;0;486809;DK0010311471;SYDBANK;SYDB.CO;SYDB DC Equity;B06JSP1;DK;DKK;NASDAQ  Copenhagen;30;3010;301010;30101010;;;353.6;47.4115366;51.3822528;40.636428;7780.5579251;;;;;;;;;;;
2024-03-25;2024-03-26;SDGP;GILD;US3755581036;Gilead Sciences Inc.;GILD.OQ;GILD UQ Equity;2369174;US;USD;NASDAQ;20;2010;201030;20103015;;;72.58;66.97117;72.5800055;57.4009898;10990.4277495;;;;;;;;;;;0;GILD;US3755581036;Gilead Sciences Inc.;GILD.OQ;GILD UQ Equity;2369174;US;USD;NASDAQ;20;2010;201030;20103015;;;72.58;66.97117;72.5800055;57.4009898;10990.4277495;;;;;;;;;;;
2024-03-25;2024-03-26;SDGP;PXD;US7237871071;Pioneer Natural Resources Co.;PXD.N;PXD UN Equity;2690830;US;USD;NYSE;60;6010;601010;60101010;;;258.21;238.2560734;258.2100195;204.2092805;39099.453699;;;;;;;;;;;0;PXD;US7237871071;Pioneer Natural Resources Co.;PXD.N;PXD UN Equity;2690830;US;USD;NYSE;60;6010;601010;60101010;;;258.21;238.2560734;258.2100195;204.2092805;39099.453699;;;;;;;;;;;
2024-03-25;2024-03-26;SDGP;656387;SG1M77906915;CAPITALAND ASCENDAS REIT;CAPD.SI;CLAR SP Equity;6563875;SG;SGD;Singapore Exchange;35;3510;351020;35102000;;;2.74;1.8781922;2.0354908;1.6097985;308.2242056;;;;;;;;;;;0;656387;SG1M77906915;CAPITALAND ASCENDAS REIT;CAPD.SI;CLAR SP Equity;6563875;SG;SGD;Singapore Exchange;35;3510;351020;35102000;;;2.74;1.8781922;2.0354908;1.6097985;308.2242056;;;;;;;;;;;
2024-03-25;2024-03-26;SDGP;UPC;US7591EP1005;Regions Financial Corp.;RF.N;RF UN Equity;B01R311;US;USD;NYSE;30;3010;301010;30101010;;;19.95;18.4083059;19.9500015;15.777759;3020.9290951;;;;;;;;;;;0;UPC;US7591EP1005;Regions Financial Corp.;RF.N;RF UN Equity;B01R311;US;USD;NYSE;30;3010;301010;30101010;;;19.95;18.4083059;19.9500015;15.777759;3020.9290951;;;;;;;;;;;
2024-03-25;2024-03-26;SDGP;NA;CA6330671034;National Bank of Canada;NA.TO;NA CN Equity;2077303;CA;CAD;Toronto Stock Exchange;30;3010;301010;30101010;;;114.6;77.8585639;84.3792186;66.7325751;12777.1236672;;;;;;;;;;;0;NA;CA6330671034;National Bank of Canada;NA.TO;NA CN Equity;2077303;CA;CAD;Toronto Stock Exchange;30;3010;301010;30101010;;;114.6;77.8585639;84.3792186;66.7325751;12777.1236672;;;;;;;;;;;
2024-03-25;2024-03-26;SDGP;BMO;CA0636711016;Bank of Montreal;BMO.TO;BMO CN Equity;2076009;CA;CAD;Toronto Stock Exchange;30;3010;301010;30101010;;;129.96;88.2940572;95.6886845;75.6768364;14489.6596008;;;;;;;;;;;0;BMO;CA0636711016;Bank of Montreal;BMO.TO;BMO CN Equity;2076009;CA;CAD;Toronto Stock Exchange;30;3010;301010;30101010;;;129.96;88.2940572;95.6886845;75.6768364;14489.6596008;;;;;;;;;;;
2024-03-25;2024-03-26;SDGP;499187;CH0011075394;ZURICH INSURANCE GROUP;ZURN.S;ZURN SW Equity;5983816;CH;CHF;SIX Swiss Exchange;30;3030;303020;30302010;;;485.2;498.4078718;540.1495311;427.1853869;81792.1458563;;;;;;;;;;;0;499187;CH0011075394;ZURICH INSURANCE GROUP;ZURN.S;ZURN SW Equity;5983816;CH;CHF;SIX Swiss Exchange;30;3030;303020;30302010;;;485.2;498.4078718;540.1495311;427.1853869;81792.1458563;;;;;;;;;;;
2024-03-25;2024-03-26;SDGP;BEL;US92343V1044;Verizon Communications Inc.;VZ.N;VZ UN Equity;2090571;US;USD;NYSE;15;1510;151020;15102015;;;40.87;37.7116522;40.8700031;32.3226571;6188.7404508;;;;;;;;;;;0;BEL;US92343V1044;Verizon Communications Inc.;VZ.N;VZ UN Equity;2090571;US;USD;NYSE;15;1510;151020;15102015;;;40.87;37.7116522;40.8700031;32.3226571;6188.7404508;;;;;;;;;;;
2024-03-25;2024-03-26;SDGP;F;US3453708600;Ford Motor Co.;F.N;F UN Equity;2615468;US;USD;NYSE;40;4010;401010;40101020;;;12.9;11.9031151;12.900001;10.20216;1953.3827242;;;;;;;;;;;0;F;US3453708600;Ford Motor Co.;F.N;F UN Equity;2615468;US;USD;NYSE;40;4010;401010;40101020;;;12.9;11.9031151;12.900001;10.20216;1953.3827242;;;;;;;;;;;
2024-03-25;2024-03-26;SDGP;EG2;DE0005190037;BMW PREF;BMWG_p.DE;BMW3 GY Equity;5756030;DE;EUR;Deutsche Boerse;40;4010;401010;40101020;;;99.75;99.75;108.1040625;85.495725;16369.6582875;;;;;;;;;;;0;EG2;DE0005190037;BMW PREF;BMWG_p.DE;BMW3 GY Equity;5756030;DE;EUR;Deutsche Boerse;40;4010;401010;40101020;;;99.75;99.75;108.1040625;85.495725;16369.6582875;;;;;;;;;;;
2024-03-25;2024-03-26;SDGP;ETR;US29364G1031;Entergy Corp.;ETR.N;ETR UN Equity;2317087;US;USD;NYSE;65;6510;651010;65101015;;;103.09;95.1234213;103.0900078;81.5302844;15610.4050308;;;;;;;;;;;0;ETR;US29364G1031;Entergy Corp.;ETR.N;ETR UN Equity;2317087;US;USD;NYSE;65;6510;651010;65101015;;;103.09;95.1234213;103.0900078;81.5302844;15610.4050308;;;;;;;;;;;
2024-03-25;2024-03-26;SDGP;681075;SG1T75931496;Singapore Telecommunications L;STEL.SI;ST SP Equity;B02PY11;SG;SGD;Singapore Exchange;15;1510;151020;15102015;;;2.51;1.7205337;1.8646284;1.4746694;282.3513658;;;;;;;;;;;0;681075;SG1T75931496;Singapore Telecommunications L;STEL.SI;ST SP Equity;B02PY11;SG;SGD;Singapore Exchange;15;1510;151020;15102015;;;2.51;1.7205337;1.8646284;1.4746694;282.3513658;;;;;;;;;;;
2024-03-25;2024-03-26;SDGP;HK912D;KYG960071028;WH GROUP;0288.HK;288 HK Equity;BLLHKZ1;HK;HKD;Stock Exchange of Hong Kong;45;4510;451020;45102020;;;5.12;.6040371;.6546252;.5177202;99.1266258;;;;;;;;;;;0;HK912D;KYG960071028;WH GROUP;0288.HK;288 HK Equity;BLLHKZ1;HK;HKD;Stock Exchange of Hong Kong;45;4510;451020;45102020;;;5.12;.6040371;.6546252;.5177202;99.1266258;;;;;;;;;;;
2024-03-25;2024-03-26;SDGP;EG7;DE0007664039;VOLKSWAGEN PREF;VOWG_p.DE;VOW3 GY Equity;5497168;DE;EUR;Deutsche Boerse;40;4010;401010;40101020;;;119.38;119.38;129.378075;102.320598;19591.075753;;;;;;;;;;;0;EG7;DE0007664039;VOLKSWAGEN PREF;VOWG_p.DE;VOW3 GY Equity;5497168;DE;EUR;Deutsche Boerse;40;4010;401010;40101020;;;119.38;119.38;129.378075;102.320598;19591.075753;;;;;;;;;;;
2024-03-25;2024-03-26;SDGP;431536;ES0130670112;ENDESA;ELE.MC;ELE SM Equity;5271782;ES;EUR;Bolsa de Madrid;65;6510;651010;65101015;;;16.735;16.735;18.1365563;14.3435685;2746.3281348;;;;;;;;;;;0;431536;ES0130670112;ENDESA;ELE.MC;ELE SM Equity;5271782;ES;EUR;Bolsa de Madrid;65;6510;651010;65101015;;;16.735;16.735;18.1365563;14.3435685;2746.3281348;;;;;;;;;;;
2024-03-25;2024-03-26;SDGP;B05NXN;KYG9828G1082;XINYI GLASS HOLDINGS;0868.HK;868 HK Equity;B05NXN7;HK;HKD;Stock Exchange of Hong Kong;50;5020;502030;50203020;;;8.27;.9756615;1.0573732;.8362395;160.1127354;;;;;;;;;;;0;B05NXN;KYG9828G1082;XINYI GLASS HOLDINGS;0868.HK;868 HK Equity;B05NXN7;HK;HKD;Stock Exchange of Hong Kong;50;5020;502030;50203020;;;8.27;.9756615;1.0573732;.8362395;160.1127354;;;;;;;;;;;
2024-03-25;2024-03-26;SDGP;CAG;US2058871029;Conagra Brands Inc.;CAG.N;CAG UN Equity;2215460;US;USD;NYSE;45;4510;451020;45102020;;;29.09;26.8419859;29.0900022;23.0062661;4404.9537538;;;;;;;;;;;0;CAG;US2058871029;Conagra Brands Inc.;CAG.N;CAG UN Equity;2215460;US;USD;NYSE;45;4510;451020;45102020;;;29.09;26.8419859;29.0900022;23.0062661;4404.9537538;;;;;;;;;;;
2024-03-25;2024-03-26;SDGP;726261;FR0000045072;CREDIT AGRICOLE;CAGR.PA1;ACA FP Equity;7262610;FR;EUR;EURONEXT Paris;30;3010;301010;30101010;;;13.398;13.398;14.5200825;11.4834258;2198.7035763;;;;;;;;;;;0;726261;FR0000045072;CREDIT AGRICOLE;CAGR.PA1;ACA FP Equity;7262610;FR;EUR;EURONEXT Paris;30;3010;301010;30101010;;;13.398;13.398;14.5200825;11.4834258;2198.7035763;;;;;;;;;;;
2024-03-25;2024-03-26;SDGP;658508;AU000000SUN6;SUNCORP GROUP LTD.;SUN.AX;SUN AU Equity;6585084;AU;AUD;Australian Securities Exchange;30;3030;303020;30302010;;;16.16;9.7481548;10.5645628;8.3551435;1599.7389775;;;;;;;;;;;0;658508;AU000000SUN6;SUNCORP GROUP LTD.;SUN.AX;SUN AU Equity;6585084;AU;AUD;Australian Securities Exchange;30;3030;303020;30302010;;;16.16;9.7481548;10.5645628;8.3551435;1599.7389775;;;;;;;;;;;
2024-03-25;2024-03-26;SDGP;668196;AU000000NHC7;NEW HOPE CORP.;NHC.AX;NHC AU Equity;6681960;AU;AUD;Australian Securities Exchange;60;6010;601010;60101040;;;4.45;2.6843619;2.9091772;2.3007666;440.5221757;;;;;;;;;;;0;668196;AU000000NHC7;NEW HOPE CORP.;NHC.AX;NHC AU Equity;6681960;AU;AUD;Australian Securities Exchange;60;6010;601010;60101040;;;4.45;2.6843619;2.9091772;2.3007666;440.5221757;;;;;;;;;;;
2024-03-25;2024-03-26;SDGP;SO;US8425871071;Southern Co.;SO.N;SO UN Equity;2829601;US;USD;NYSE;65;6510;651010;65101015;;;69.76;64.3690937;69.7600053;55.1707502;10563.4092045;;;;;;;;;;;0;SO;US8425871071;Southern Co.;SO.N;SO UN Equity;2829601;US;USD;NYSE;65;6510;651010;65101015;;;69.76;64.3690937;69.7600053;55.1707502;10563.4092045;;;;;;;;;;;
2024-03-25;2024-03-26;SDGP;BBY;US0865161014;Best Buy Co. Inc.;BBY.N;BBY UN Equity;2094670;US;USD;NYSE;40;4040;404010;40401030;;;80.72;74.4821279;80.7200061;63.8386318;12223.027391;;;;;;;;;;;0;BBY;US0865161014;Best Buy Co. Inc.;BBY.N;BBY UN Equity;2094670;US;USD;NYSE;40;4040;404010;40401030;;;80.72;74.4821279;80.7200061;63.8386318;12223.027391;;;;;;;;;;;
2024-03-25;2024-03-26;SDGP;506506;SE0005190238;TELE2 B;TEL2b.ST;TEL2B SS Equity;B97C733;SE;SEK;NASDAQ  Stockholm AB;15;1510;151020;15102015;;;87.52;7.6410036;8.2809377;6.5491042;1253.9410316;;;;;;;;;;;0;506506;SE0005190238;TELE2 B;TEL2b.ST;TEL2B SS Equity;B97C733;SE;SEK;NASDAQ  Stockholm AB;15;1510;151020;15102015;;;87.52;7.6410036;8.2809377;6.5491042;1253.9410316;;;;;;;;;;;
2024-03-25;2024-03-26;SDGP;STB;US9029733048;U.S. Bancorp;USB.N;USB UN Equity;2736035;US;USD;NYSE;30;3010;301010;30101010;;;43.55;40.1845475;43.5500034;34.4421757;6594.5595089;;;;;;;;;;;0;STB;US9029733048;U.S. Bancorp;USB.N;USB UN Equity;2736035;US;USD;NYSE;30;3010;301010;30101010;;;43.55;40.1845475;43.5500034;34.4421757;6594.5595089;;;;;;;;;;;
2024-03-25;2024-03-26;SDGP;576162;DE000KSAG888;K + S;SDFGn.DE;SDF GY Equity;B54C017;DE;EUR;Deutsche Boerse;55;5520;552010;55201015;;;14;14;15.1725;11.9994;2297.4959;;;;;;;;;;;0;576162;DE000KSAG888;K + S;SDFGn.DE;SDF GY Equity;B54C017;DE;EUR;Deutsche Boerse;55;5520;552010;55201015;;;14;14;15.1725;11.9994;2297.4959;;;;;;;;;;;
2024-03-25;2024-03-26;SDGP;IT602J;IT0003796171;POSTE ITALIANE;PST.MI;PST IM Equity;BYYN701;IT;EUR;EURONEXT Milan;30;3030;303010;30301010;;;11.455;11.455;12.4143563;9.8180805;1879.8439668;;;;;;;;;;;0;IT602J;IT0003796171;POSTE ITALIANE;PST.MI;PST IM Equity;BYYN701;IT;EUR;EURONEXT Milan;30;3030;303010;30301010;;;11.455;11.455;12.4143563;9.8180805;1879.8439668;;;;;;;;;;;
2024-03-25;2024-03-26;SDGP;PFG;US74251V1026;Principal Financial Group Inc.;PFG.OQ;PFG UQ Equity;2803014;US;USD;NASDAQ;30;3030;303010;30301010;;;84.48;77.951563;84.4800064;66.8122846;12792.3854565;;;;;;;;;;;0;PFG;US74251V1026;Principal Financial Group Inc.;PFG.OQ;PFG UQ Equity;2803014;US;USD;NASDAQ;30;3030;303010;30301010;;;84.48;77.951563;84.4800064;66.8122846;12792.3854565;;;;;;;;;;;
2024-03-25;2024-03-26;SDGP;617350;AU000000HVN7;Harvey Norman Holdings Ltd.;HVN.AX;HVN AU Equity;6173508;AU;AUD;Australian Securities Exchange;40;4040;404010;40401010;;;4.96;2.9920079;3.2425886;2.56445;491.0089916;;;;;;;;;;;0;617350;AU000000HVN7;Harvey Norman Holdings Ltd.;HVN.AX;HVN AU Equity;6173508;AU;AUD;Australian Securities Exchange;40;4040;404010;40401010;;;4.96;2.9920079;3.2425886;2.56445;491.0089916;;;;;;;;;;;
2024-03-25;2024-03-26;SDGP;NL602G;NL0011540547;ABN AMRO BANK;ABNd.AS1;ABN NA Equity;BYQP136;NL;EUR;EURONEXT Amsterdam;30;3010;301010;30101010;;;15.22;15.22;16.494675;13.045062;2497.706257;;;;;;;;;;;0;NL602G;NL0011540547;ABN AMRO BANK;ABNd.AS1;ABN NA Equity;BYQP136;NL;EUR;EURONEXT Amsterdam;30;3010;301010;30101010;;;15.22;15.22;16.494675;13.045062;2497.706257;;;;;;;;;;;
2024-03-25;2024-03-26;SDGP;643532;HK0006000050;POWER ASSETS HOLDINGS LTD;0006.HK;6 HK Equity;6435327;HK;HKD;Stock Exchange of Hong Kong;65;6510;651010;65101015;;;46.85;5.5271756;5.9900766;4.7373422;907.0473771;;;;;;;;;;;0;643532;HK0006000050;POWER ASSETS HOLDINGS LTD;0006.HK;6 HK Equity;6435327;HK;HKD;Stock Exchange of Hong Kong;65;6510;651010;65101015;;;46.85;5.5271756;5.9900766;4.7373422;907.0473771;;;;;;;;;;;
2024-03-25;2024-03-26;SDGP;654379;JP3386030005;JFE Holdings Inc.;5411.T;5411 JT Equity;6543792;JP;JPY;Tokyo Stock Exchange;55;5510;551020;55102010;;;2610;15.904296;17.2362808;13.6315721;2610.003918;;;;;;;;;;;0;654379;JP3386030005;JFE Holdings Inc.;5411.T;5411 JT Equity;6543792;JP;JPY;Tokyo Stock Exchange;55;5510;551020;55102010;;;2610;15.904296;17.2362808;13.6315721;2610.003918;;;;;;;;;;;
2024-03-25;2024-03-26;SDGP;051152;GB0005603997;LEGAL & GENERAL GRP;LGEN.L;LGEN LN Equity;0560399;GB;GBP;London Stock Exchange;30;3030;303010;30301010;;;2.543;2.9669822;3.215467;2.5430004;486.9021028;;;;;;;;;;;0;051152;GB0005603997;LEGAL & GENERAL GRP;LGEN.L;LGEN LN Equity;0560399;GB;GBP;London Stock Exchange;30;3030;303010;30301010;;;2.543;2.9669822;3.215467;2.5430004;486.9021028;;;;;;;;;;;
2024-03-25;2024-03-26;SDGP;642053;HK0012000102;Henderson Land Development Co.;0012.HK;12 HK Equity;6420538;HK;HKD;Stock Exchange of Hong Kong;35;3510;351010;35101010;;;22.75;2.683954;2.9087351;2.300417;440.4552365;;;;;;;;;;;0;642053;HK0012000102;Henderson Land Development Co.;0012.HK;12 HK Equity;6420538;HK;HKD;Stock Exchange of Hong Kong;35;3510;351010;35101010;;;22.75;2.683954;2.9087351;2.300417;440.4552365;;;;;;;;;;;
2024-03-25;2024-03-26;SDGP;691678;SG1M31001969;United Overseas Bank Ltd.;UOBH.SI;UOB SP Equity;6916781;SG;SGD;Singapore Exchange;30;3010;301010;30101010;;;28.72;19.6867444;21.3355092;16.8735086;3230.7296102;;;;;;;;;;;0;691678;SG1M31001969;United Overseas Bank Ltd.;UOBH.SI;UOB SP Equity;6916781;SG;SGD;Singapore Exchange;30;3010;301010;30101010;;;28.72;19.6867444;21.3355092;16.8735086;3230.7296102;;;;;;;;;;;
2024-03-25;2024-03-26;SDGP;US506X;US1746101054;CITIZENS FINANCIAL GROUP;CFG.N;CFG UN Equity;BQRX1X3;US;USD;NYSE;30;3010;301010;30101010;;;35.29;32.5628629;35.2900027;27.9096298;5343.7888575;;;;;;;;;;;0;US506X;US1746101054;CITIZENS FINANCIAL GROUP;CFG.N;CFG UN Equity;BQRX1X3;US;USD;NYSE;30;3010;301010;30101010;;;35.29;32.5628629;35.2900027;27.9096298;5343.7888575;;;;;;;;;;;
2024-03-25;2024-03-26;SDGP;CN1156;KYG8187G1055;SITC Int. Hold.;1308.HK;1308 HK Equity;B61X7R5;HK;HKD;Stock Exchange of Hong Kong;50;5020;502060;50206030;;;13.48;1.5903165;1.7235055;1.3630603;260.9818313;;;;;;;;;;;0;CN1156;KYG8187G1055;SITC Int. Hold.;1308.HK;1308 HK Equity;B61X7R5;HK;HKD;Stock Exchange of Hong Kong;50;5020;502060;50206030;;;13.48;1.5903165;1.7235055;1.3630603;260.9818313;;;;;;;;;;;
2024-03-25;2024-03-26;SDGP;P;US20825C1045;ConocoPhillips;COP.N;COP UN Equity;2685717;US;USD;NYSE;60;6010;601010;60101010;;;126.23;116.4752107;126.2300096;99.8309031;19114.3799311;;;;;;;;;;;0;P;US20825C1045;ConocoPhillips;COP.N;COP UN Equity;2685717;US;USD;NYSE;60;6010;601010;60101010;;;126.23;116.4752107;126.2300096;99.8309031;19114.3799311;;;;;;;;;;;
2024-03-25;2024-03-26;SDGP;670262;AU000000JBH7;JB Hi-Fi Ltd.;JBH.AX;JBH AU Equity;6702623;AU;AUD;Australian Securities Exchange;40;4040;404010;40401030;;;62.44;37.6655189;40.8200061;32.2831162;6181.1696603;;;;;;;;;;;0;670262;AU000000JBH7;JB Hi-Fi Ltd.;JBH.AX;JBH AU Equity;6702623;AU;AUD;Australian Securities Exchange;40;4040;404010;40401030;;;62.44;37.6655189;40.8200061;32.2831162;6181.1696603;;;;;;;;;;;
2024-03-25;2024-03-26;SDGP;US20RF;NL0009434992;LYONDELLBASELL INDUSTRIES;LYB.N;LYB UN Equity;B3SPXZ3;US;USD;NYSE;55;5520;552010;55201020;;;100.49;92.7243438;100.4900076;79.4740351;15216.6999793;;;;;;;;;;;0;US20RF;NL0009434992;LYONDELLBASELL INDUSTRIES;LYB.N;LYB UN Equity;B3SPXZ3;US;USD;NYSE;55;5520;552010;55201020;;;100.49;92.7243438;100.4900076;79.4740351;15216.6999793;;;;;;;;;;;
2024-03-25;2024-03-26;SDGP;256612;CA8667961053;Sun Life Financial Inc.;SLF.TO;SLF CN Equity;2566124;CA;CAD;Toronto Stock Exchange;30;3030;303010;30301010;;;73.48;49.9218785;54.1028358;42.7880421;8192.5222267;;;;;;;;;;;0;256612;CA8667961053;Sun Life Financial Inc.;SLF.TO;SLF CN Equity;2566124;CA;CAD;Toronto Stock Exchange;30;3030;303010;30301010;;;73.48;49.9218785;54.1028358;42.7880421;8192.5222267;;;;;;;;;;;
2024-03-25;2024-03-26;SDGP;B06QFB;GB00B06QFB75;IG GRP HLDG;IGG.L;IGG LN Equity;B06QFB7;GB;GBP;London Stock Exchange;30;3020;302020;30202015;;;7.2;8.4004214;9.1039567;7.2000012;1378.5666946;;;;;;;;;;;0;B06QFB;GB00B06QFB75;IG GRP HLDG;IGG.L;IGG LN Equity;B06QFB7;GB;GBP;London Stock Exchange;30;3020;302020;30202015;;;7.2;8.4004214;9.1039567;7.2000012;1378.5666946;;;;;;;;;;;
2024-03-25;2024-03-26;SDGP;659758;JP3362700001;Mitsui O.S.K. Lines Ltd.;9104.T;9104 JT Equity;6597584;JP;JPY;Tokyo Stock Exchange;50;5020;502060;50206030;;;4715;28.731324;31.1375724;24.6256178;4715.007078;;;;;;;;;;;0;659758;JP3362700001;Mitsui O.S.K. Lines Ltd.;9104.T;9104 JT Equity;6597584;JP;JPY;Tokyo Stock Exchange;50;5020;502060;50206030;;;4715;28.731324;31.1375724;24.6256178;4715.007078;;;;;;;;;;;
2024-03-25;2024-03-26;SDGP;RCI.B;CA7751092007;Rogers Communications Inc. Cl;RCIb.TO;RCI/B CN Equity;2169051;CA;CAD;Toronto Stock Exchange;15;1510;151020;15102015;;;55.77;37.889809;41.0630805;32.4753553;6217.9772021;;;;;;;;;;;0;RCI.B;CA7751092007;Rogers Communications Inc. Cl;RCIb.TO;RCI/B CN Equity;2169051;CA;CAD;Toronto Stock Exchange;15;1510;151020;15102015;;;55.77;37.889809;41.0630805;32.4753553;6217.9772021;;;;;;;;;;;
2024-03-25;2024-03-26;SDGP;087823;GB0008782301;TAYLOR WIMPEY;TW.L;TW/ LN Equity;0878230;GB;GBP;London Stock Exchange;40;4020;402020;40202010;;;1.394;1.6264149;1.7626271;1.3940002;266.905826;;;;;;;;;;;0;087823;GB0008782301;TAYLOR WIMPEY;TW.L;TW/ LN Equity;0878230;GB;GBP;London Stock Exchange;40;4020;402020;40202010;;;1.394;1.6264149;1.7626271;1.3940002;266.905826;;;;;;;;;;;
2024-03-25;2024-03-26;SDGP;664256;JP3381000003;NIPPON STEEL;5401.T;5401 JT Equity;6642569;JP;JPY;Tokyo Stock Exchange;55;5510;551020;55102010;;;3782;23.0459952;24.9760973;19.7527225;3782.0056774;;;;;;;;;;;0;664256;JP3381000003;NIPPON STEEL;5401.T;5401 JT Equity;6642569;JP;JPY;Tokyo Stock Exchange;55;5510;551020;55102010;;;3782;23.0459952;24.9760973;19.7527225;3782.0056774;;;;;;;;;;;
2024-03-25;2024-03-26;SDGP;615252;NZCENE0001S6;Contact Energy Ltd.;CEN.NZ;CEN NZ Equity;6152529;NZ;NZD;New Zealand Exchange;65;6510;651010;65101010;;;8.34;4.6192208;5.0060805;3.9591341;758.0457749;;;;;;;;;;;0;615252;NZCENE0001S6;Contact Energy Ltd.;CEN.NZ;CEN NZ Equity;6152529;NZ;NZD;New Zealand Exchange;65;6510;651010;65101010;;;8.34;4.6192208;5.0060805;3.9591341;758.0457749;;;;;;;;;;;
2024-03-25;2024-03-26;SDGP;647453;JP3726800000;Japan Tobacco Inc.;2914.T;2914 JT Equity;6474535;JP;JPY;Tokyo Stock Exchange;45;4510;451030;45103010;;;3971;24.1976856;26.2242418;20.7398363;3971.0059611;;;;;;;;;;;0;647453;JP3726800000;Japan Tobacco Inc.;2914.T;2914 JT Equity;6474535;JP;JPY;Tokyo Stock Exchange;45;4510;451030;45103010;;;3971;24.1976856;26.2242418;20.7398363;3971.0059611;;;;;;;;;;;
2024-03-25;2024-03-26;SDGP;NL403F;NL0010773842;NN GROUP;NN.AS1;NN NA Equity;BNG8PQ9;NL;EUR;EURONEXT Amsterdam;30;3030;303010;30301010;;;41.95;41.95;45.4633125;35.955345;6884.2823575;;;;;;;;;;;0;NL403F;NL0010773842;NN GROUP;NN.AS1;NN NA Equity;BNG8PQ9;NL;EUR;EURONEXT Amsterdam;30;3030;303010;30301010;;;41.95;41.95;45.4633125;35.955345;6884.2823575;;;;;;;;;;;
2024-03-25;2024-03-26;SDGP;FITB;US3167731005;Fifth Third Bancorp;FITB.OQ;FITB UQ Equity;2336747;US;USD;NASDAQ;30;3010;301010;30101010;;;36.25;33.4486761;36.2500027;28.6688603;5489.1568714;;;;;;;;;;;0;FITB;US3167731005;Fifth Third Bancorp;FITB.OQ;FITB UQ Equity;2336747;US;USD;NASDAQ;30;3010;301010;30101010;;;36.25;33.4486761;36.2500027;28.6688603;5489.1568714;;;;;;;;;;;
2024-03-25;2024-03-26;SDGP;HWP;US40434L1052;HP Inc.;HPQ.N;HPQ UN Equity;BYX4D52;US;USD;NYSE;10;1010;101020;10102030;;;29.88;27.5709363;29.8800022;23.6310495;4524.5795077;;;;;;;;;;;0;HWP;US40434L1052;HP Inc.;HPQ.N;HPQ UN Equity;BYX4D52;US;USD;NYSE;10;1010;101020;10102030;;;29.88;27.5709363;29.8800022;23.6310495;4524.5795077;;;;;;;;;;;
2024-03-25;2024-03-26;SDGP;075478;GB00BM8PJY71;NATWEST GROUP;NWG.L;NWG LN Equity;BM8PJY7;GB;GBP;London Stock Exchange;30;3010;301010;30101010;;;2.6;3.0334855;3.2875399;2.6000004;497.8157499;;;;;;;;;;;0;075478;GB00BM8PJY71;NATWEST GROUP;NWG.L;NWG LN Equity;BM8PJY7;GB;GBP;London Stock Exchange;30;3010;301010;30101010;;;2.6;3.0334855;3.2875399;2.6000004;497.8157499;;;;;;;;;;;
2024-03-25;2024-03-26;SDGP;608625;AU000000FMG4;FORTESCUE;FMG.AX;FMG AU Equity;6086253;AU;AUD;Australian Securities Exchange;55;5510;551020;55102010;;;25.5;15.3822987;16.6705662;13.1841682;2524.3405854;;;;;;;;;;;0;608625;AU000000FMG4;FORTESCUE;FMG.AX;FMG AU Equity;6086253;AU;AUD;Australian Securities Exchange;55;5510;551020;55102010;;;25.5;15.3822987;16.6705662;13.1841682;2524.3405854;;;;;;;;;;;
2024-03-25;2024-03-26;SDGP;FNTG;US31620R3030;FNF Group;FNF.N;FNF UN Equity;BNBRDD4;US;USD;NYSE;30;3030;303020;30302025;;;51.38;47.4094615;51.3800039;40.6346495;7780.217387;;;;;;;;;;;0;FNTG;US31620R3030;FNF Group;FNF.N;FNF UN Equity;BNBRDD4;US;USD;NYSE;30;3030;303020;30302025;;;51.38;47.4094615;51.3800039;40.6346495;7780.217387;;;;;;;;;;;
2024-03-25;2024-03-26;SDGP;626551;SG1L01001701;DBS Group Holdings Ltd.;DBSM.SI;DBS SP Equity;6175203;SG;SGD;Singapore Exchange;30;3010;301010;30101010;;;35.5;24.3342418;26.3722346;20.8568786;3993.4157689;;;;;;;;;;;0;626551;SG1L01001701;DBS Group Holdings Ltd.;DBSM.SI;DBS SP Equity;6175203;SG;SGD;Singapore Exchange;30;3010;301010;30101010;;;35.5;24.3342418;26.3722346;20.8568786;3993.4157689;;;;;;;;;;;
2024-03-25;2024-03-26;SDGP;HK50CI;KYG2177B1014;CK Asset Holdings Ltd;1113.HK;1113 HK Equity;BYZQ077;HK;HKD;Stock Exchange of Hong Kong;35;3510;351010;35101010;;;32.55;3.8401188;4.1617287;3.2913658;630.1897999;;;;;;;;;;;0;HK50CI;KYG2177B1014;CK Asset Holdings Ltd;1113.HK;1113 HK Equity;BYZQ077;HK;HKD;Stock Exchange of Hong Kong;35;3510;351010;35101010;;;32.55;3.8401188;4.1617287;3.2913658;630.1897999;;;;;;;;;;;
2024-03-25;2024-03-26;SDGP;US205T;US7185461040;PHILLIPS 66;PSX.N;PSX UN Equity;B78C4Y8;US;USD;NYSE;60;6010;601010;60101020;;;156.46;144.3690998;156.4600119;123.7387554;23691.9582055;;;;;;;;;;;0;US205T;US7185461040;PHILLIPS 66;PSX.N;PSX UN Equity;B78C4Y8;US;USD;NYSE;60;6010;601010;60101020;;;156.46;144.3690998;156.4600119;123.7387554;23691.9582055;;;;;;;;;;;
2024-03-25;2024-03-26;SDGP;KEY;US4932671088;KeyCorp;KEY.N;KEY UN Equity;2490911;US;USD;NYSE;30;3010;301010;30101010;;;15.19;14.0161487;15.1900012;12.0132411;2300.1460123;;;;;;;;;;;0;KEY;US4932671088;KeyCorp;KEY.N;KEY UN Equity;2490911;US;USD;NYSE;30;3010;301010;30101010;;;15.19;14.0161487;15.1900012;12.0132411;2300.1460123;;;;;;;;;;;
2024-03-25;2024-03-26;SDGP;725147;IT0003153415;SNAM RETE GAS;SRG.MI;SRG IM Equity;7251470;IT;EUR;EURONEXT Milan;60;6010;601010;60101035;;;4.41;4.41;4.7793375;3.779811;723.7112085;;;;;;;;;;;0;725147;IT0003153415;SNAM RETE GAS;SRG.MI;SRG IM Equity;7251470;IT;EUR;EURONEXT Milan;60;6010;601010;60101035;;;4.41;4.41;4.7793375;3.779811;723.7112085;;;;;;;;;;;
2024-03-25;2024-03-26;SDGP;HBAN;US4461501045;Huntington Bancshares Inc.;HBAN.OQ;HBAN UQ Equity;2445966;US;USD;NASDAQ;30;3010;301010;30101010;;;13.37;12.3367945;13.370001;10.5738666;2024.5524845;;;;;;;;;;;0;HBAN;US4461501045;Huntington Bancshares Inc.;HBAN.OQ;HBAN UQ Equity;2445966;US;USD;NASDAQ;30;3010;301010;30101010;;;13.37;12.3367945;13.370001;10.5738666;2024.5524845;;;;;;;;;;;
2024-03-25;2024-03-26;SDGP;SRE;US8168511090;Sempra;SRE.N;SRE UN Equity;2138158;US;USD;NYSE;65;6510;651020;65102000;;;69.63;64.2491398;69.6300053;55.0679377;10543.7239478;;;;;;;;;;;0;SRE;US8168511090;Sempra;SRE.N;SRE UN Equity;2138158;US;USD;NYSE;65;6510;651020;65102000;;;69.63;64.2491398;69.6300053;55.0679377;10543.7239478;;;;;;;;;;;
2024-03-25;2024-03-26;SDGP;425240;DE0007100000;MERCEDES-BENZ GROUP;MBGn.DE;MBG GY Equity;5529027;DE;EUR;Deutsche Boerse;40;4010;401010;40101020;;;73.72;73.72;79.89405;63.185412;12097.956982;;;;;;;;;;;0;425240;DE0007100000;MERCEDES-BENZ GROUP;MBGn.DE;MBG GY Equity;5529027;DE;EUR;Deutsche Boerse;40;4010;401010;40101020;;;73.72;73.72;79.89405;63.185412;12097.956982;;;;;;;;;;;
2024-03-25;2024-03-26;SDGP;581006;PLPKN0000018;ORLEN;PKN.WA;PKN PW Equity;5810066;PL;PLN;Warsaw Stock Exchange;60;6010;601010;60101020;;;62.38;14.4921466;15.7058639;12.4212189;2378.2605283;;;;;;;;;;;0;581006;PLPKN0000018;ORLEN;PKN.WA;PKN PW Equity;5810066;PL;PLN;Warsaw Stock Exchange;60;6010;601010;60101020;;;62.38;14.4921466;15.7058639;12.4212189;2378.2605283;;;;;;;;;;;
2024-03-25;2024-03-26;SDGP;641440;JP3768600003;Haseko Corp.;1808.T;1808 JT Equity;6414401;JP;JPY;Tokyo Stock Exchange;40;4020;402020;40202010;;;1907.5;11.623542;12.5970136;9.9625378;1907.5028635;;;;;;;;;;;0;641440;JP3768600003;Haseko Corp.;1808.T;1808 JT Equity;6414401;JP;JPY;Tokyo Stock Exchange;40;4020;402020;40202010;;;1907.5;11.623542;12.5970136;9.9625378;1907.5028635;;;;;;;;;;;
2024-03-25;2024-03-26;SDGP;AMGN;US0311621009;Amgen Inc.;AMGN.OQ;AMGN UQ Equity;2023607;US;USD;NASDAQ;20;2010;201030;20103015;;;280.82;259.1188201;280.8200213;222.0907407;42523.1733423;;;;;;;;;;;0;AMGN;US0311621009;Amgen Inc.;AMGN.OQ;AMGN UQ Equity;2023607;US;USD;NASDAQ;20;2010;201030;20103015;;;280.82;259.1188201;280.8200213;222.0907407;42523.1733423;;;;;;;;;;;
2024-03-25;2024-03-26;SDGP;IBM;US4592001014;International Business Machine;IBM.N;IBM UN Equity;2005973;US;USD;NYSE;10;1010;101010;10101010;;;188.79;174.2007053;188.7900144;149.3074245;28587.5290146;;;;;;;;;;;0;IBM;US4592001014;International Business Machine;IBM.N;IBM UN Equity;2005973;US;USD;NYSE;10;1010;101010;10101010;;;188.79;174.2007053;188.7900144;149.3074245;28587.5290146;;;;;;;;;;;
2024-03-25;2024-03-26;SDGP;IP;US4601461035;International Paper Co.;IP.N;IP UN Equity;2465254;US;USD;NYSE;55;5510;551010;55101015;;;40.85;37.6931978;40.8500031;32.3068398;6185.7119574;;;;;;;;;;;0;IP;US4601461035;International Paper Co.;IP.N;IP UN Equity;2465254;US;USD;NYSE;55;5510;551010;55101015;;;40.85;37.6931978;40.8500031;32.3068398;6185.7119574;;;;;;;;;;;
2024-03-25;2024-03-26;SDGP;448816;NL0011821202;ING GRP;INGA.AS1;INGA NA Equity;BZ57390;NL;EUR;EURONEXT Amsterdam;30;3010;301010;30101010;;;14.698;14.698;15.9289575;12.5976558;2412.0424813;;;;;;;;;;;0;448816;NL0011821202;ING GRP;INGA.AS1;INGA NA Equity;BZ57390;NL;EUR;EURONEXT Amsterdam;30;3010;301010;30101010;;;14.698;14.698;15.9289575;12.5976558;2412.0424813;;;;;;;;;;;
2024-03-25;2024-03-26;SDGP;NO10Q2;NO0010345853;AKER BP;AKRBP.OL1;AKRBP NO Equity;B1L95G3;NO;NOK;Oslo Stock Exchange;60;6010;601010;60101010;;;275.5;23.7397799;25.7279865;20.3473654;3895.8604991;;;;;;;;;;;0;NO10Q2;NO0010345853;AKER BP;AKRBP.OL1;AKRBP NO Equity;B1L95G3;NO;NOK;Oslo Stock Exchange;60;6010;601010;60101010;;;275.5;23.7397799;25.7279865;20.3473654;3895.8604991;;;;;;;;;;;
2024-03-25;2024-03-26;SDGP;NL604I;NL0011872643;ASR NEDERLAND NV;ASRNL.AS1;ASRNL NA Equity;BD9PNF2;NL;EUR;EURONEXT Amsterdam;30;3030;303020;30302010;;;43.88;43.88;47.55495;37.609548;7201.008578;;;;;;;;;;;0;NL604I;NL0011872643;ASR NEDERLAND NV;ASRNL.AS1;ASRNL NA Equity;BD9PNF2;NL;EUR;EURONEXT Amsterdam;30;3030;303020;30302010;;;43.88;43.88;47.55495;37.609548;7201.008578;;;;;;;;;;;
2024-03-25;2024-03-26;SDGP;400169;BE0974264930;AGEAS;AGES.BR1;AGS BB Equity;B86S2N0;BE;EUR;EURONEXT Brussels;30;3030;303010;30301010;;;41.45;41.45;44.9214375;35.526795;6802.2289325;;;;;;;;;;;0;400169;BE0974264930;AGEAS;AGES.BR1;AGS BB Equity;B86S2N0;BE;EUR;EURONEXT Brussels;30;3030;303010;30301010;;;41.45;41.45;44.9214375;35.526795;6802.2289325;;;;;;;;;;;
2024-03-25;2024-03-26;SDGP;517617;FR0000133308;ORANGE;ORAN.PA1;ORA FP Equity;5176177;FR;EUR;EURONEXT Paris;15;1510;151020;15102015;;;10.642;10.642;11.5332675;9.1212582;1746.4250977;;;;;;;;;;;0;517617;FR0000133308;ORANGE;ORAN.PA1;ORA FP Equity;5176177;FR;EUR;EURONEXT Paris;15;1510;151020;15102015;;;10.642;10.642;11.5332675;9.1212582;1746.4250977;;;;;;;;;;;
2024-03-25;2024-03-26;SDGP;471310;FR0013269123;RUBIS;RUBF.PA1;RUI FP Equity;BDT88L2;FR;EUR;EURONEXT Paris;40;4040;404010;40401030;;;28.1;28.1;30.453375;24.08451;4611.402485;;;;;;;;;;;0;471310;FR0013269123;RUBIS;RUBF.PA1;RUI FP Equity;BDT88L2;FR;EUR;EURONEXT Paris;40;4040;404010;40401030;;;28.1;28.1;30.453375;24.08451;4611.402485;;;;;;;;;;;
2024-03-25;2024-03-26;SDGP;PFE;US7170811035;Pfizer Inc.;PFE.N;PFE UN Equity;2684703;US;USD;NYSE;20;2010;201030;20103015;;;27.43;25.3102672;27.4300021;21.69343;4153.5882229;;;;;;;;;;;0;PFE;US7170811035;Pfizer Inc.;PFE.N;PFE UN Equity;2684703;US;USD;NYSE;20;2010;201030;20103015;;;27.43;25.3102672;27.4300021;21.69343;4153.5882229;;;;;;;;;;;
2024-03-25;2024-03-26;SDGP;POW;CA7392391016;Power Corp. of Canada;POW.TO;POW CN Equity;2697701;CA;CAD;Toronto Stock Exchange;30;3030;303010;30301010;;;38.12;25.8985031;28.0675027;22.197607;4250.1217635;;;;;;;;;;;0;POW;CA7392391016;Power Corp. of Canada;POW.TO;POW CN Equity;2697701;CA;CAD;Toronto Stock Exchange;30;3030;303010;30301010;;;38.12;25.8985031;28.0675027;22.197607;4250.1217635;;;;;;;;;;;
2024-03-25;2024-03-26;SDGP;274642;CA56501R1064;Manulife Financial Corp.;MFC.TO;MFC CN Equity;2492519;CA;CAD;Toronto Stock Exchange;30;3030;303010;30301010;;;32.98;22.4064174;24.2829549;19.2045404;3677.0465793;;;;;;;;;;;0;274642;CA56501R1064;Manulife Financial Corp.;MFC.TO;MFC CN Equity;2492519;CA;CAD;Toronto Stock Exchange;30;3030;303010;30301010;;;32.98;22.4064174;24.2829549;19.2045404;3677.0465793;;;;;;;;;;;
2024-03-25;2024-03-26;SDGP;425305;DK0010244425;A P MOLLER-MAERSK A;MAERSKa.CO;MAERSKA DC Equity;4253059;DK;DKK;NASDAQ  Copenhagen;50;5020;502060;50206030;;;8925;1196.68542;1296.9078239;1025.6790735;196384.2747171;;;;;;;;;;;0;425305;DK0010244425;A P MOLLER-MAERSK A;MAERSKa.CO;MAERSKA DC Equity;4253059;DK;DKK;NASDAQ  Copenhagen;50;5020;502060;50206030;;;8925;1196.68542;1296.9078239;1025.6790735;196384.2747171;;;;;;;;;;;
2024-03-25;2024-03-26;SDGP;609128;AU000000BEN6;Bendigo & Adelaide Bank Ltd.;BEN.AX;BEN AU Equity;6091280;AU;AUD;Australian Securities Exchange;30;3010;301010;30101010;;;10.01;6.0383063;6.5440145;5.1754323;990.9274262;;;;;;;;;;;0;609128;AU000000BEN6;Bendigo & Adelaide Bank Ltd.;BEN.AX;BEN AU Equity;6091280;AU;AUD;Australian Securities Exchange;30;3010;301010;30101010;;;10.01;6.0383063;6.5440145;5.1754323;990.9274262;;;;;;;;;;;
2024-03-25;2024-03-26;SDGP;COG;US1270971039;COTERRA ENERGY;CTRA.N;CTRA UN Equity;2162340;US;USD;NYSE;60;6010;601010;60101010;;;27.82;25.6701288;27.8200021;22.0018674;4212.6439765;;;;;;;;;;;0;COG;US1270971039;COTERRA ENERGY;CTRA.N;CTRA UN Equity;2162340;US;USD;NYSE;60;6010;601010;60101010;;;27.82;25.6701288;27.8200021;22.0018674;4212.6439765;;;;;;;;;;;
2024-03-25;2024-03-26;SDGP;DUK;US26441C2044;Duke Energy Corp.;DUK.N;DUK UN Equity;B7VD3F2;US;USD;NYSE;65;6510;651020;65102000;;;94.84;87.510964;94.8400072;75.0056472;14361.1486425;;;;;;;;;;;0;DUK;US26441C2044;Duke Energy Corp.;DUK.N;DUK UN Equity;B7VD3F2;US;USD;NYSE;65;6510;651020;65102000;;;94.84;87.510964;94.8400072;75.0056472;14361.1486425;;;;;;;;;;;
2024-03-25;2024-03-26;SDGP;US40VL;US25278X1090;DIAMONDBACK ENERGY;FANG.OQ;FANG UW Equity;B7Y8YR3;US;USD;NASDAQ;60;6010;601010;60101010;;;196.59;181.3979376;196.5900149;155.4761723;29768.644136;;;;;;;;;;;0;US40VL;US25278X1090;DIAMONDBACK ENERGY;FANG.OQ;FANG UW Equity;B7Y8YR3;US;USD;NASDAQ;60;6010;601010;60101010;;;196.59;181.3979376;196.5900149;155.4761723;29768.644136;;;;;;;;;;;
2024-03-25;2024-03-26;SDGP;217052;CA1360691010;Canadian Imperial Bank of Comm;CM.TO;CM CN Equity;2170525;CA;CAD;Toronto Stock Exchange;30;3010;301010;30101010;;;68.32;46.4162049;50.3035621;39.7833292;7617.2171751;;;;;;;;;;;0;217052;CA1360691010;Canadian Imperial Bank of Comm;CM.TO;CM CN Equity;2170525;CA;CAD;Toronto Stock Exchange;30;3010;301010;30101010;;;68.32;46.4162049;50.3035621;39.7833292;7617.2171751;;;;;;;;;;;
2024-03-25;2024-03-26;SDGP;662460;AU000000NAB4;National Australia Bank Ltd.;NAB.AX;NAB AU Equity;6624608;AU;AUD;Australian Securities Exchange;30;3010;301010;30101010;;;34.56;20.8475389;22.5935203;17.8684256;3421.2239391;;;;;;;;;;;0;662460;AU000000NAB4;National Australia Bank Ltd.;NAB.AX;NAB AU Equity;6624608;AU;AUD;Australian Securities Exchange;30;3010;301010;30101010;;;34.56;20.8475389;22.5935203;17.8684256;3421.2239391;;;;;;;;;;;
2024-03-25;2024-03-26;SDGP;TDpD;CA8911605092;Toronto-Dominion Bank;TD.TO;TD CN Equity;2897222;CA;CAD;Toronto Stock Exchange;30;3010;301010;30101010;;;80.96;55.0037463;59.6103101;47.143711;9026.4915435;;;;;;;;;;;0;TDpD;CA8911605092;Toronto-Dominion Bank;TD.TO;TD CN Equity;2897222;CA;CAD;Toronto Stock Exchange;30;3010;301010;30101010;;;80.96;55.0037463;59.6103101;47.143711;9026.4915435;;;;;;;;;;;
2024-03-25;2024-03-26;SDGP;697972;AU0000224040;WOODSIDE ENERGY GROUP;WDS.AX;WDS AU Equity;BMGT167;AU;AUD;Australian Securities Exchange;60;6010;601010;60101010;;;30.08;18.1450802;19.6647307;15.5521482;2977.7319546;;;;;;;;;;;0;697972;AU0000224040;WOODSIDE ENERGY GROUP;WDS.AX;WDS AU Equity;BMGT167;AU;AUD;Australian Securities Exchange;60;6010;601010;60101010;;;30.08;18.1450802;19.6647307;15.5521482;2977.7319546;;;;;;;;;;;
2024-03-25;2024-03-26;SDGP;622010;AU000000RIO1;Rio Tinto Ltd.;RIO.AX;RIO AU Equity;6220103;AU;AUD;Australian Securities Exchange;55;5510;551020;55102000;;;121.62;73.3645164;79.5087946;62.880727;12039.6196882;;;;;;;;;;;0;622010;AU000000RIO1;Rio Tinto Ltd.;RIO.AX;RIO AU Equity;6220103;AU;AUD;Australian Securities Exchange;55;5510;551020;55102000;;;121.62;73.3645164;79.5087946;62.880727;12039.6196882;;;;;;;;;;;
2024-03-25;2024-03-26;SDGP;ED;US2091151041;Consolidated Edison Inc.;ED.N;ED UN Equity;2216850;US;USD;NYSE;65;6510;651010;65101015;;;88.5;81.6609059;88.5000068;69.9915624;13401.1140354;;;;;;;;;;;0;ED;US2091151041;Consolidated Edison Inc.;ED.N;ED UN Equity;2216850;US;USD;NYSE;65;6510;651010;65101015;;;88.5;81.6609059;88.5000068;69.9915624;13401.1140354;;;;;;;;;;;
2024-03-25;2024-03-26;SDGP;071887;GB0007188757;RIO TINTO;RIO.L;RIO LN Equity;0718875;GB;GBP;London Stock Exchange;55;5510;551020;55102000;;;50.13;58.4879343;63.3862988;50.1300085;9598.270661;;;;;;;;;;;0;071887;GB0007188757;RIO TINTO;RIO.L;RIO LN Equity;0718875;GB;GBP;London Stock Exchange;55;5510;551020;55102000;;;50.13;58.4879343;63.3862988;50.1300085;9598.270661;;;;;;;;;;;
2024-03-25;2024-03-26;SDGP;685992;HK0016000132;Sun Hung Kai Properties Ltd.;0016.HK;16 HK Equity;6859927;HK;HKD;Stock Exchange of Hong Kong;35;3510;351010;35101010;;;74.5;8.789212;9.5253085;7.5332336;1442.3698953;;;;;;;;;;;0;685992;HK0016000132;Sun Hung Kai Properties Ltd.;0016.HK;16 HK Equity;6859927;HK;HKD;Stock Exchange of Hong Kong;35;3510;351010;35101010;;;74.5;8.789212;9.5253085;7.5332336;1442.3698953;;;;;;;;;;;
2024-03-25;2024-03-26;SDGP;AU1027;AU000000YAL0;YANCOAL AUSTRALIA;YAL.AX;YAL AU Equity;B84LB45;AU;AUD;Australian Securities Exchange;60;6010;601010;60101040;;;5.38;3.2453634;3.5171626;2.781601;532.5863647;;;;;;;;;;;0;AU1027;AU000000YAL0;YANCOAL AUSTRALIA;YAL.AX;YAL AU Equity;B84LB45;AU;AUD;Australian Securities Exchange;60;6010;601010;60101040;;;5.38;3.2453634;3.5171626;2.781601;532.5863647;;;;;;;;;;;
2024-03-25;2024-03-26;SDGP;442048;CH0012214059;Holcim;HOLN.S;HOLN SW Equity;7110753;CH;CHF;SIX Swiss Exchange;50;5010;501010;50101030;;;80.8;82.9994972;89.9507051;71.1388691;13620.7860371;;;;;;;;;;;0;442048;CH0012214059;Holcim;HOLN.S;HOLN SW Equity;7110753;CH;CHF;SIX Swiss Exchange;50;5010;501010;50101030;;;80.8;82.9994972;89.9507051;71.1388691;13620.7860371;;;;;;;;;;;
